id,peak,average
1599340,333008,116054.0
578080,623852,449355.0833333333
1568590,701898,134229.91666666666
990080,527652,87902.45454545454
570,855495,757053.3333333334
730,1802853,1414604.5
1086940,875343,192988.58333333334
1085660,316651,150504.66666666666
1716740,330597,134400.75
1172470,624473,475930.75
1326470,411804,69997.0
1888160,156022,55172.0
1966720,239369,142469.0
271590,295651,181964.25
2050650,111172,34671.7
252490,182335,155249.83333333334
440,253225,139231.25
1203220,295419,200032.08333333334
1091500,273990,79253.5
2073850,242399,242399.0
238960,209526,79426.58333333333
1938090,190273,139828.33333333334
1868140,98281,18664.0
289070,81217,73429.58333333333
1811260,110757,67385.0
322330,114109,67554.41666666667
359550,95149,75104.08333333333
949230,76549,50254.333333333336
2399830,98047,83589.66666666667
739630,86124,35219.0
381210,87747,56603.166666666664
346110,94570,71150.5
251570,96208,53580.833333333336
2195250,81526,74810.0
2252570,86828,85394.5
230410,115322,74251.83333333333
236390,114806,97497.66666666667
1920960,85283,49074.8
671860,86636,43035.28571428572
304930,112648,72716.66666666667
1282100,110756,42336.666666666664
1238810,114017,39615.416666666664
550,85147,56851.333333333336
1260320,57806,30531.75
1517290,107006,30749.333333333332
1245620,106913,62382.5
892970,102613,48981.25
438100,46509,38490.083333333336
1063730,77642,33717.583333333336
1272080,69112,26855.75
1607250,46591,23765.5
292030,79210,32375.25
1449850,72871,45297.916666666664
1501750,32235,14860.666666666666
1364780,70540,36593.71428571428
227300,69695,51910.083333333336
1928420,41396,26614.333333333332
1222670,54638,44968.666666666664
1174180,77335,58104.5
2322560,64868,41840.0
594650,44527,34403.75
221100,69372,60292.75
2357570,75361,44797.0
1448440,75373,10341.5
218620,69634,54532.083333333336
2420510,45173,14180.6
1669000,42826,9087.5
413150,59095,50665.083333333336
1337520,41838,24365.0
1142710,73613,35953.916666666664
394360,78086,55015.666666666664
1919590,58662,33033.0
489830,41990,34082.666666666664
1172620,41364,25215.333333333332
255710,41225,30464.0
39210,47992,36378.5
1446780,67135,34923.833333333336
899770,40504,8779.333333333334
4000,45181,38359.083333333336
242760,76107,25817.583333333332
1782210,55713,23024.333333333332
1604030,77285,14331.583333333334
582010,128866,45661.583333333336
1281930,46377,36536.916666666664
1248130,53777,42698.166666666664
1774580,67583,17844.444444444445
252950,51401,42978.666666666664
105600,68151,57373.583333333336
108600,59562,43521.083333333336
